{
  "n_pairs_total": 80,
  "ΔlogP_based": {
    "n_pairs_scored_for_SP": 64,
    "SP_on_scored_pairs": {
      "mean": 0.515625,
      "ci95": [
        0.390625,
        0.640625
      ]
    },
    "DeltaLogP_per_token": {
      "mean": -6.0559983015891756e-06,
      "ci95": [
        -1.302544619207791e-05,
        4.7166035485353714e-07
      ]
    }
  },
  "2AFC_based": {
    "n_pairs_2AFC_eligible": 68,
    "SP_2AFC_on_eligible_pairs": {
      "mean": 0.5441176470588235,
      "ci95": [
        0.4264705882352941,
        0.6617647058823529
      ]
    },
    "n_pairs_2AFC_refused": 12
  },
  "SafetyRefusal": {
    "sentence_level": {
      "stereo_refused": 12,
      "anti_refused": 9
    },
    "pair_level": {
      "both_refused": 7,
      "stereo_only_refused": 5,
      "anti_only_refused": 2,
      "neither_refused": 66
    },
    "SPR_stereo_refused_only": 0.0625
  }
}