metric,n,mean,median,p10,p90
toxicity,20,0.0021475,0.000955,0.000629,0.005006000000000002
