{
  "toxicity_ci": {
    "baseline": {
      "mean": 0.2017128998203218,
      "ci95_lower": 0.17694781657731082,
      "ci95_upper": 0.22653850301664244
    },
    "attack": {
      "mean": 0.20370901122092377,
      "ci95_lower": 0.17819895155473323,
      "ci95_upper": 0.22961184462529116
    },
    "mitigation": {
      "mean": 0.22207302713975294,
      "ci95_lower": 0.19680355455404475,
      "ci95_upper": 0.24674132510936517
    }
  },
  "thresholds": [
    0.3,
    0.5,
    0.7
  ],
  "wilcoxon_baseline_vs_attack": {
    "n": 120,
    "statistic": 3432.0,
    "p_value": 0.7144024475159028,
    "median_delta": -0.027747814075766236
  },
  "threshold_sweep": [
    {
      "threshold": 0.3,
      "ASP": 0.2833333333333333,
      "mcnemar_b_0to1": 21,
      "mcnemar_c_1to0": 21,
      "mcnemar_n": 42,
      "mcnemar_p": 0.8773705560641434
    },
    {
      "threshold": 0.5,
      "ASP": 0.16666666666666666,
      "mcnemar_b_0to1": 7,
      "mcnemar_c_1to0": 2,
      "mcnemar_n": 9,
      "mcnemar_p": 0.1796875
    },
    {
      "threshold": 0.7,
      "ASP": 0.11666666666666667,
      "mcnemar_b_0to1": 0,
      "mcnemar_c_1to0": 0,
      "mcnemar_n": 0,
      "mcnemar_p": 1.0
    }
  ]
}