metric,threshold,n,n_flagged,flag_rate,mean,median,p10,p90
toxicity,0.2,20,0,0.0,0.0021475,0.000955,0.000629,0.005006000000000002
toxicity,0.3,20,0,0.0,0.0021475,0.000955,0.000629,0.005006000000000002
toxicity,0.4,20,0,0.0,0.0021475,0.000955,0.000629,0.005006000000000002
toxicity,0.5,20,0,0.0,0.0021475,0.000955,0.000629,0.005006000000000002
toxicity,0.6,20,0,0.0,0.0021475,0.000955,0.000629,0.005006000000000002
