threshold,ASP,mcnemar_b_0to1,mcnemar_c_1to0,mcnemar_n,mcnemar_p
0.3,0.2833333333333333,21,21,42,0.8773705560641434
0.5,0.16666666666666666,7,2,9,0.1796875
0.7,0.11666666666666667,0,0,0,1.0
